condition_id,drug,study,evidence_tier,ptb_dose_mgkg,pk_target_type,control_sampling_times_min,treatment_sampling_times_min,pk_fit_times_min,observed_pk_ratio_vector,observed_behavior_ratio,intervention_regimen,PTB_regimen,pk_target_description,model_role
Carisoprodol_KatoChiesara1962,Carisoprodol,Kato & Chiesara 1962,B,25.0,single_concentration_ratio,60,60,60,0.843930635838,0.804878048780488,"150 mg/kg i.p., usually 48 h before",PTB 25 mg/kg i.p.,Treatment/control serum pentobarbital concentration ratio at the published 60-min time point.,Sparse-PK exploratory held-out screen
Chlorbutol_KatoChiesara1962,Chlorbutol,Kato & Chiesara 1962,B,25.0,single_concentration_ratio,60,60,60,0.722543352601,0.621951219512195,"110 mg/kg i.p., usually 48 h before",PTB 25 mg/kg i.p.,Treatment/control serum pentobarbital concentration ratio at the published 60-min time point.,Sparse-PK exploratory held-out screen
Chlorpromazine_KatoChiesara1962,Chlorpromazine,Kato & Chiesara 1962,B,25.0,single_concentration_ratio,60,60,60,0.751445086705,0.597560975609756,"15 mg/kg i.p., usually 48 h before",PTB 25 mg/kg i.p.,Treatment/control serum pentobarbital concentration ratio at the published 60-min time point.,Sparse-PK exploratory held-out screen
DZP100_deRepentigny1976,Diazepam,de Repentigny et al. 1976,A,45.0,matched_concentration_ratios,45;75;150,45;75;150,45;75;150,1.09661835749;1.06040268456;1.07272727273,1.97889182058048,"100 mg/kg i.p., 6 h before",PTB 45 mg/kg i.p.,"Pointwise treatment/control blood pentobarbital concentration ratios at the matched published times 45, 75, and 150 min.",Primary Evidence-A residual/CNS challenge; no unique systemic-PK mechanism assigned
ENDO2_5_15d_Gupta1977,Endosulfan,Gupta & Gupta 1977a (Toxicology),B,50.0,single_concentration_ratio,30,30,30,0.692810457516,0.322876728244452,"2.5 mg/kg/day p.o. ×15 d, PTB 24 h later",PTB 50 mg/kg i.p.,Treatment/control blood pentobarbital concentration ratio at the published 30-min time point.,Sparse-PK exploratory held-out screen
ENDO2_5_7d_Gupta1977,Endosulfan,Gupta & Gupta 1977a (Toxicology),B,50.0,single_concentration_ratio,30,30,30,0.554945054945,0.347473509695091,"2.5 mg/kg/day p.o. ×7 d, PTB 24 h later",PTB 50 mg/kg i.p.,Treatment/control blood pentobarbital concentration ratio at the published 30-min time point.,Sparse-PK exploratory held-out screen
ENDO5_15d_Gupta1977,Endosulfan,Gupta & Gupta 1977a (Toxicology),B,50.0,single_concentration_ratio,30,30,30,0.764705882353,0.358080632043685,"5 mg/kg/day p.o. ×15 d, PTB 24 h later",PTB 50 mg/kg i.p.,Treatment/control blood pentobarbital concentration ratio at the published 30-min time point.,Sparse-PK exploratory held-out screen
ENDO5_7d_Gupta1977,Endosulfan,Gupta & Gupta 1977a (Toxicology),B,50.0,single_concentration_ratio,30,30,30,0.857142857143,0.397534779788078,"5 mg/kg/day p.o. ×7 d, PTB 24 h later",PTB 50 mg/kg i.p.,Treatment/control blood pentobarbital concentration ratio at the published 30-min time point.,Sparse-PK exploratory held-out screen
Fluopromazine_KatoChiesara1962,Fluopromazine,Kato & Chiesara 1962,B,25.0,single_concentration_ratio,60,60,60,0.751445086705,0.670731707317073,"15 mg/kg i.p., usually 48 h before",PTB 25 mg/kg i.p.,Treatment/control serum pentobarbital concentration ratio at the published 60-min time point.,Sparse-PK exploratory held-out screen
Glutethimide_KatoChiesara1962,Glutethimide,Kato & Chiesara 1962,B,25.0,single_concentration_ratio,60,60,60,0.341040462428,0.317073170731707,"80 mg/kg i.p., usually 48 h before",PTB 25 mg/kg i.p.,Treatment/control serum pentobarbital concentration ratio at the published 60-min time point.,Sparse-PK exploratory held-out screen
Hexobarbital_KatoChiesara1962,Hexobarbital,Kato & Chiesara 1962,B,25.0,single_concentration_ratio,60,60,60,0.815028901734,0.682926829268293,"100 mg/kg s.c., usually 48 h before",PTB 25 mg/kg i.p.,Treatment/control serum pentobarbital concentration ratio at the published 60-min time point.,Sparse-PK exploratory held-out screen
Mephenesin_dicarbamate_KatoChiesara1962,Mephenesin dicarbamate,Kato & Chiesara 1962,B,25.0,single_concentration_ratio,60,60,60,0.820809248555,0.804878048780488,"200 mg/kg i.p., usually 48 h before",PTB 25 mg/kg i.p.,Treatment/control serum pentobarbital concentration ratio at the published 60-min time point.,Sparse-PK exploratory held-out screen
Meprobamate_KatoChiesara1962,Meprobamate,Kato & Chiesara 1962,B,25.0,single_concentration_ratio,60,60,60,0.682080924855,0.560975609756098,"200 mg/kg i.p., usually 48 h before",PTB 25 mg/kg i.p.,Treatment/control serum pentobarbital concentration ratio at the published 60-min time point.,Sparse-PK exploratory held-out screen
Nikethamide_KatoChiesara1962,Nikethamide,Kato & Chiesara 1962,B,25.0,single_concentration_ratio,60,60,60,0.583815028902,0.439024390243902,"200 mg/kg i.p., usually 48 h before",PTB 25 mg/kg i.p.,Treatment/control serum pentobarbital concentration ratio at the published 60-min time point.,Sparse-PK exploratory held-out screen
OME40_Henry1986,Omeprazole,Henry et al. 1986,A,45.0,clearance_ratio,10;30;50;80;110,10;30;50;80;110,30;50;80;110,0.698113207547,1.55084745762712,"40 mg/kg i.v., 30 min before",PTB 45 mg/kg i.p.,Treatment/control ratio of published systemic clearance from serial plasma sampling; model clearance analogue estimated from terminal times 30;50;80;110 min.,Primary held-out PK→behavior condition; Km-favored after independent mechanistic adjudication
PHB10_Means1978,Phenobarbital,Means et al. 1978,A,50.0,apparent_k_ratio,30;70;100;150,30;70;100;150,30;70;100;150,2.4238178634,0.476218097447796,"10 mg/kg i.p., 24 h before",PTB 50 mg/kg i.p.,Treatment/control ratio of apparent plasma decline rate constant k; model k calculated by log-linear regression over the published sampling times for each arm.,Primary held-out PK→behavior condition; Vmax-favored after independent mechanistic adjudication
PHB21_5_Means1978,Phenobarbital,Means et al. 1978,A,50.0,apparent_k_ratio,30;70;100;150,15;30;40;50,30;70;100;150,3.28721541156,0.348027842227378,"21.5 mg/kg i.p., 24 h before",PTB 50 mg/kg i.p.,Treatment/control ratio of apparent plasma decline rate constant k; model k calculated by log-linear regression over the published sampling times for each arm.,Primary held-out PK→behavior condition; Vmax-favored after independent mechanistic adjudication
Pentobarbital_pretreatment_KatoChiesara1962,Pentobarbital pretreatment,Kato & Chiesara 1962,B,25.0,single_concentration_ratio,60,60,60,0.699421965318,0.573170731707317,"25 mg/kg i.p., usually 48 h before",PTB 25 mg/kg i.p.,Treatment/control serum pentobarbital concentration ratio at the published 60-min time point.,Sparse-PK exploratory held-out screen
Phenaglycodol_KatoChiesara1962,Phenaglycodol,Kato & Chiesara 1962,B,25.0,single_concentration_ratio,60,60,60,0.294797687861,0.158536585365854,"130 mg/kg i.p., usually 48 h before",PTB 25 mg/kg i.p.,Treatment/control serum pentobarbital concentration ratio at the published 60-min time point.,Sparse-PK exploratory held-out screen
Phenobarbital_KatoChiesara1962,Phenobarbital,Kato & Chiesara 1962,B,25.0,single_concentration_ratio,60,60,60,0.35838150289,0.341463414634146,"90 mg/kg i.p., usually 48 h before",PTB 25 mg/kg i.p.,Treatment/control serum pentobarbital concentration ratio at the published 60-min time point.,Sparse-PK exploratory held-out screen
Phenytoin_KatoChiesara1962,Phenytoin,Kato & Chiesara 1962,B,25.0,single_concentration_ratio,60,60,60,0.797687861272,0.707317073170732,"100 mg/kg i.p., usually 48 h before",PTB 25 mg/kg i.p.,Treatment/control serum pentobarbital concentration ratio at the published 60-min time point.,Sparse-PK exploratory held-out screen
Primidone_KatoChiesara1962,Primidone,Kato & Chiesara 1962,B,25.0,single_concentration_ratio,60,60,60,0.838150289017,0.75609756097561,"150 mg/kg i.p., usually 48 h before",PTB 25 mg/kg i.p.,Treatment/control serum pentobarbital concentration ratio at the published 60-min time point.,Sparse-PK exploratory held-out screen
SKF12_5_Means1978,SKF-525A,Means et al. 1978,A,30.0,apparent_k_ratio,15;30;50;70,30;100;170;240,15;30;50;70,0.205791106515,3.32555425904317,12.5 mg/kg,PTB 30 mg/kg i.p.,Treatment/control ratio of apparent plasma decline rate constant k; model k calculated by log-linear regression over the published sampling times for each arm.,Primary held-out PK→behavior challenge; Vmax-only and Km-only both retained as model-form uncertainty
SKF4_Means1978,SKF-525A,Means et al. 1978,A,30.0,apparent_k_ratio,15;30;50;70,30;60;90;130,15;30;50;70,0.583247156153,1.78296382730455,4 mg/kg,PTB 30 mg/kg i.p.,Treatment/control ratio of apparent plasma decline rate constant k; model k calculated by log-linear regression over the published sampling times for each arm.,Primary held-out PK→behavior challenge; Vmax-only and Km-only both retained as model-form uncertainty
Thiopentone_KatoChiesara1962,Thiopentone,Kato & Chiesara 1962,B,25.0,single_concentration_ratio,60,60,60,0.35838150289,0.268292682926829,"30 mg/kg i.p., usually 48 h before",PTB 25 mg/kg i.p.,Treatment/control serum pentobarbital concentration ratio at the published 60-min time point.,Sparse-PK exploratory held-out screen
Urethane_KatoChiesara1962,Urethane,Kato & Chiesara 1962,B,25.0,single_concentration_ratio,60,60,60,0.809248554913,0.634146341463415,"800 mg/kg i.p., usually 48 h before",PTB 25 mg/kg i.p.,Treatment/control serum pentobarbital concentration ratio at the published 60-min time point.,Sparse-PK exploratory held-out screen
